{
    "loss": 6.1343865394592285,
    "accuracy": 0.6736111044883728
}